T_low_K,T_high_K,DTC_interval_pcm_per_K
300.0,600.0,-3.3265664291903385
600.0,900.0,-2.338265573371181
900.0,1200.0,-2.111358466218786
1200.0,1500.0,-1.5118070681264855
