water_T_K,water_density_g_cm3,fuel_T_K,keff,keff_sigma,keff_sigma_pcm,rho_pcm,rho_sigma_pcm
530.0,0.785,900.0,1.027556495181768,0.0010570451387114522,105.70451387114522,2681.7498902474836,100.11107288871952
550.0,0.762,900.0,1.01874147693332,0.0009198871783186734,91.98871783186733,1839.6695685481309,88.63527345056458
570.0,0.735,900.0,1.0116934114973197,0.0009541905620185742,95.41905620185742,1155.8256053099449,93.22604777898283
590.0,0.705,900.0,1.0010778532111893,0.0010164748885831234,101.64748885831234,107.66926945110076,101.42872047756964
610.0,0.67,900.0,0.9875409048640252,0.0010101497070343943,101.01497070343943,-1261.6282601165021,103.579916150275
