T_low_K,T_high_K,MTC_interval_pcm_per_K
530.0,550.0,-42.10401608496763
550.0,570.0,-34.1921981619093
570.0,590.0,-52.40781679294221
590.0,610.0,-68.46487647838015
