fuel_T_K,keff,keff_sigma,keff_sigma_pcm,rho_pcm,rho_sigma_pcm
300.0,1.0309051361856347,0.0010001786440883885,100.01786440883885,2997.864216680908,94.11095282773678
600.0,1.0204070625576618,0.001054888878127642,105.48888781276419,1999.8942879238066,101.31174642390378
900.0,1.0131549519783274,0.0010323455178674595,103.23455178674595,1298.4146159124523,100.57113088053562
1200.0,1.0066945902594056,0.0011308713530263548,113.08713530263547,665.0070760468166,111.58806150118255
1500.0,1.0021191307750414,0.000934725022980981,93.4725022980981,211.4649556088709,93.07759711209978
