time_days,Gd152,Gd154,Gd155,Gd156,Gd157,Gd158,Gd160
0.0,0.0,0.0,2.918635369123275e+26,0.0,0.0,0.0,0.0
5.0,9955467675.103394,2.8500218761617224e+19,2.9121007794649802e+26,6.533879675702225e+23,4.222949514532384e+19,1.0333193901721294e+17,71589070.37251985
10.0,25872014455.43373,6.62219667509262e+19,2.905485887822111e+26,1.314712268675374e+24,1.6860095403094504e+20,8.393910684603453e+17,1407072110.8069067
20.0,53224113623.621414,1.3271710432666481e+20,2.8923360480059664e+26,2.629120603884199e+24,6.71841944961803e+20,6.69852173160734e+18,26786760493.470184
30.0,73403258526.8612,1.833113907295259e+20,2.8791943720024437e+26,3.942382182616318e+24,1.5112786270646307e+21,2.264841329813291e+19,156772870886.5388
