time_days,keff,keff_sigma,keff_sigma_pcm,rho_pcm,rho_sigma_pcm
0.0,1.0073080379524837,0.003909455080025474,390.9455080025474,725.5018005553158,385.29345213177635
5.0,0.9830403434248882,0.004779480347883741,477.9480347883741,-1725.2248789734058,494.5816480931197
10.0,0.9823819682706015,0.003312823031947276,331.2823031947276,-1793.3993394049655,343.27128217290084
20.0,0.9752891950778697,0.0029439887574656673,294.3988757465667,-2533.6900118284725,309.50617742893337
30.0,0.9739881849372833,0.003680634461452668,368.0634461452668,-2670.649959105161,387.9853352056417
