time_days,keff,keff_sigma,keff_sigma_pcm,rho_pcm,rho_sigma_pcm
0.0,1.0072200596472292,0.001647547567093725,164.7547567093725,716.8304064315329,162.40119817959922
1.0,0.9866276934424817,0.0018150116947518008,181.5011694751801,-1355.354876656712,186.45448090452922
2.0,0.979787935917762,0.001965499811698608,196.54998116986079,-2062.901913902975,204.74289092494746
5.0,0.9781393591378981,0.001748527779277554,174.8527779277554,-2234.92088912251,182.7557571596218
