time_days,Gd152,Gd154,Gd155,Gd156,Gd157,Gd158,Gd160
0.0,0.0,0.0,2.918635369123275e+26,0.0,0.0,0.0,0.0
1.0,13568324.222256342,5.681997383778953e+18,2.9173267987550792e+26,1.3084961630350838e+23,1.7317022364472182e+18,857331236373311.0,33861.716544025454
2.0,142432343.45564494,1.2154031676400853e+19,2.915992858232259e+26,2.642318574572142e+23,7.054435078336622e+18,7074578528190263.0,1061360.1938758446
5.0,3012685302.368218,3.146865574006648e+19,2.9120336625471988e+26,6.600931988173573e+23,4.580787425076637e+19,1.1280679929665434e+17,71413671.26557451
